{"actions":[],"apps":[{"acl":{"app":[],"field":[],"record":[]},"app":null,"category":{"categories":[],"useCategory":"false"},"form":{"layout":"[{\"id\":null,\"type\":\"ROW\",\"isSubTable\":false,\"var\":null,\"label\":null,\"controlList\":[{\"isVirtical\":true,\"styleMap\":{\"width\":120},\"type\":\"RECORD_ID\",\"var\":\"注文番号\",\"label\":\"注文番号\"},{\"isVirtical\":true,\"styleMap\":{\"width\":196},\"type\":\"CREATED_AT\",\"var\":\"作成日時\",\"label\":\"作成日時\"}]},{\"id\":null,\"type\":\"ROW\",\"isSubTable\":false,\"var\":null,\"label\":null,\"controlList\":[{\"isVirtical\":true,\"styleMap\":{\"width\":255},\"type\":\"SINGLE_CHECK\",\"var\":\"状況\",\"label\":\"状況\",\"align\":\"horizontal\"}]},{\"id\":null,\"type\":\"ROW\",\"isSubTable\":false,\"var\":null,\"label\":null,\"controlList\":[{\"isVirtical\":true,\"styleMap\":{\"width\":193},\"type\":\"DECIMAL\",\"var\":\"座席番号\",\"label\":\"座席番号\"}]},{\"id\":null,\"type\":\"ROW\",\"isSubTable\":false,\"var\":null,\"label\":null,\"controlList\":[{\"isVirtical\":true,\"styleMap\":{\"width\":349},\"type\":\"SINGLE_LINE_TEXT\",\"var\":\"LINEアカウント検索\",\"label\":\"LINEアカウント検索\"},{\"isVirtical\":true,\"styleMap\":{\"width\":193},\"type\":\"SINGLE_LINE_TEXT\",\"var\":\"LINE_ID\",\"label\":\"LINE ID\"},{\"isVirtical\":true,\"styleMap\":{\"width\":193},\"type\":\"SINGLE_LINE_TEXT\",\"var\":\"LINEアカウント名\",\"label\":\"LINEアカウント名\"}]},{\"id\":null,\"type\":\"ROW\",\"isSubTable\":false,\"var\":null,\"label\":null,\"controlList\":[{\"isVirtical\":true,\"styleMap\":{\"width\":349},\"type\":\"SINGLE_LINE_TEXT\",\"var\":\"商品検索\",\"label\":\"商品検索\"},{\"isVirtical\":true,\"styleMap\":{\"width\":193},\"type\":\"SINGLE_LINE_TEXT\",\"var\":\"商品名\",\"label\":\"商品名\"},{\"isVirtical\":true,\"styleMap\":{\"width\":193},\"type\":\"DECIMAL\",\"var\":\"価格\",\"label\":\"価格\"}]},{\"id\":null,\"type\":\"ROW\",\"isSubTable\":false,\"var\":null,\"label\":null,\"controlList\":[{\"styleMap\":{\"width\":542},\"type\":\"HR\"}]},{\"id\":null,\"type\":\"ROW\",\"isSubTable\":false,\"var\":null,\"label\":null,\"controlList\":[{\"isVirtical\":true,\"styleMap\":{\"width\":193},\"type\":\"DECIMAL\",\"var\":\"注文数\",\"label\":\"注文数\"},{\"isVirtical\":true,\"styleMap\":{\"width\":193},\"type\":\"CALC\",\"var\":\"合計金額\",\"label\":\"合計金額\"}]}]","revision":null},"iconMeta":null,"info":{"automaticallyChooseTitleComponent":"true","code":null,"decimalPrecision":"16","decimalScale":"4","description":"\u003Cdiv\u003E\u003Cbr /\u003E\u003C/div\u003E","enableBulkDeletion":"true","enableRecordReuse":"true","fiscalYearStartMonth":"4","iconKey":"APP73","iconType":"PRESET","jsFiles":null,"jsScope":"ALL","name":"注文管理","roundingMode":"HALF_EVEN","theme":"PLAIN","titleComponentLocalId":null,"useComment":"true","useHistory":"true","useThumbnail":"true"},"jsFiles":[{"jsFileMetas":[{"internalName":null,"locationType":"BLOB","mime":"text/css","name":"index.css","url":null}],"jsType":"DESKTOP_CSS"},{"jsFileMetas":[{"internalName":null,"locationType":"URL","mime":null,"name":null,"url":"https://js.cybozu.com/kintone-rest-api-client/3.1.5/KintoneRestAPIClient.min.js"},{"internalName":null,"locationType":"BLOB","mime":"text/javascript","name":"index.js","url":null},{"internalName":null,"locationType":"BLOB","mime":"text/javascript","name":"chunk-vendors.js","url":null}],"jsType":"DESKTOP"}],"notification":{"appNotifications":[{"events":["RECORD_COMMENT_ADDED"],"target":{"entityId":"6060145","entityType":"FIELD_ENTITY","includeSubs":"false"}},{"events":["RECORD_COMMENT_ADDED"],"target":{"entityId":"6060146","entityType":"FIELD_ENTITY","includeSubs":"false"}}],"recordNotifications":[],"reminderTimezone":null,"reminders":[],"useComment":"true","useReminder":"false"},"plugins":[],"reports":[{"advancedMode":"false","filter":{"category":null,"offset":null,"order":[],"q":null,"size":null,"sort":[]},"isAborted":null,"name":"会計","processType":null,"report":"6060170","reportType":"SUBTOTAL","revision":null,"settings":"{\"chartType\":\"crosstable\",\"groups\":[{\"id\":\"6060165\",\"op\":null},{\"id\":\"6060158\",\"op\":null}],\"order\":[\"DESC\"],\"sort\":[\"s0\"],\"stackType\":null,\"summaries\":[{\"id\":\"6060154\",\"op\":\"SUM\"}]}","tallyPeriod":null,"tallyStartDateTime":null},{"advancedMode":"false","filter":{"category":null,"offset":null,"order":[],"q":null,"size":null,"sort":[]},"isAborted":null,"name":"座席別売上一覧","processType":null,"report":"6060219","reportType":"SUBTOTAL","revision":null,"settings":"{\"groups\":[{\"id\":\"6060180\",\"op\":null}],\"summaries\":[{\"op\":\"SUM\",\"id\":\"6060189\"}],\"chartType\":\"column\",\"stackType\":\"clustered\",\"sort\":[\"s0\"],\"order\":[\"DESC\"]}","tallyPeriod":null,"tallyStartDateTime":null}],"resource":{"tables":[{"rows":[{"fields":[],"objectId":"0","subObjectId":"-1"}],"type":"AppName"},{"rows":[{"fields":[],"objectId":"0","subObjectId":"-1"}],"type":"AppDescription"},{"rows":[{"fields":[],"objectId":"6060144","subObjectId":"-1"},{"fields":[],"objectId":"6060145","subObjectId":"-1"},{"fields":[],"objectId":"6060146","subObjectId":"-1"},{"fields":[],"objectId":"6060147","subObjectId":"-1"},{"fields":[],"objectId":"6060148","subObjectId":"-1"},{"fields":[],"objectId":"6060149","subObjectId":"-1"},{"fields":[],"objectId":"6060150","subObjectId":"-1"},{"fields":[],"objectId":"6060151","subObjectId":"-1"},{"fields":[],"objectId":"6060154","subObjectId":"-1"},{"fields":[],"objectId":"6060158","subObjectId":"-1"},{"fields":[],"objectId":"6060159","subObjectId":"-1"},{"fields":[],"objectId":"6060165","subObjectId":"-1"},{"fields":[],"objectId":"6060165","subObjectId":"6060163"},{"fields":[],"objectId":"6060165","subObjectId":"6060164"},{"fields":[],"objectId":"6060168","subObjectId":"-1"},{"fields":[],"objectId":"6060180","subObjectId":"-1"},{"fields":[],"objectId":"6060185","subObjectId":"-1"},{"fields":[],"objectId":"6060188","subObjectId":"-1"},{"fields":[],"objectId":"6060189","subObjectId":"-1"},{"fields":[],"objectId":"6060190","subObjectId":"-1"}],"type":"FieldLabel"},{"rows":[{"fields":[],"objectId":"6060167","subObjectId":"-1"},{"fields":[],"objectId":"6060171","subObjectId":"-1"},{"fields":[],"objectId":"20","subObjectId":"-1"}],"type":"ViewName"},{"rows":[{"fields":[],"objectId":"6060170","subObjectId":"-1"},{"fields":[],"objectId":"6060219","subObjectId":"-1"}],"type":"ReportName"}]},"schema":{"groups":[],"revision":null,"subTable":{},"table":{"fieldList":{"6060144":{"id":"6060144","label":"注文番号","properties":{"noLabel":"false","required":"true"},"type":"RECORD_ID","var":"注文番号"},"6060145":{"id":"6060145","label":"更新者","properties":{"noLabel":"false","required":"true"},"type":"MODIFIER","var":"更新者"},"6060146":{"id":"6060146","label":"作成者","properties":{"noLabel":"false","required":"true"},"type":"CREATOR","var":"作成者"},"6060147":{"id":"6060147","label":"更新日時","properties":{"noLabel":"false","required":"true"},"type":"MODIFIED_AT","var":"更新日時"},"6060148":{"id":"6060148","label":"作成日時","properties":{"noLabel":"false","required":"true"},"type":"CREATED_AT","var":"作成日時"},"6060149":{"id":"6060149","label":"ステータス","properties":{"noLabel":"false","required":"false"},"type":"STATUS","var":"ステータス"},"6060150":{"id":"6060150","label":"作業者","properties":{"noLabel":"false","required":"false"},"type":"STATUS_ASSIGNEE","var":"作業者"},"6060151":{"id":"6060151","label":"カテゴリー","properties":{"noLabel":"false","required":"false"},"type":"CATEGORY","var":"カテゴリー"},"6060154":{"id":"6060154","label":"価格","properties":{"defaultValue":null,"digit":"false","displayScale":null,"max":null,"min":null,"noLabel":"false","required":"false","roundingMode":null,"scale":null,"unique":"false","unit":"円","unitPosition":"AFTER"},"type":"DECIMAL","var":"価格"},"6060158":{"id":"6060158","label":"LINEアカウント検索","properties":{"defaultValue":"","expression":"","hideExpression":"false","max":null,"min":null,"noLabel":"false","required":"false","unique":"false"},"type":"SINGLE_LINE_TEXT","var":"LINEアカウント検索"},"6060159":{"id":"6060159","label":"LINEアカウント名","properties":{"defaultValue":"","expression":"","hideExpression":"false","max":null,"min":null,"noLabel":"false","required":"false","unique":"false"},"type":"SINGLE_LINE_TEXT","var":"LINEアカウント名"},"6060165":{"id":"6060165","label":"状況","properties":{"defaultValue":"6060163","noLabel":"false","options":[{"id":"6060163","label":"対応中","valid":true},{"id":"6060164","label":"提供済み","valid":true}],"required":"true"},"type":"SINGLE_CHECK","var":"状況"},"6060168":{"id":"6060168","label":"注文数","properties":{"defaultValue":null,"digit":"false","displayScale":null,"max":null,"min":null,"noLabel":"false","required":"false","roundingMode":null,"scale":null,"unique":"false","unit":"","unitPosition":"BEFORE"},"type":"DECIMAL","var":"注文数"},"6060180":{"id":"6060180","label":"座席番号","properties":{"defaultValue":null,"digit":"false","displayScale":null,"max":null,"min":null,"noLabel":"false","required":"false","roundingMode":null,"scale":null,"unique":"false","unit":"","unitPosition":"BEFORE"},"type":"DECIMAL","var":"座席番号"},"6060185":{"id":"6060185","label":"商品検索","properties":{"defaultValue":"","expression":"","hideExpression":"false","max":null,"min":null,"noLabel":"false","required":"false","unique":"false"},"type":"SINGLE_LINE_TEXT","var":"商品検索"},"6060188":{"id":"6060188","label":"商品名","properties":{"defaultValue":"","expression":"","hideExpression":"false","max":null,"min":null,"noLabel":"false","required":"false","unique":"false"},"type":"SINGLE_LINE_TEXT","var":"商品名"},"6060189":{"id":"6060189","label":"合計金額","properties":{"displayScale":null,"expression":"注文数 * 価格","format":"NUMBER_DIGIT","hideExpression":"false","noLabel":"false","required":"false","roundingMode":null,"scale":null,"unit":"円","unitPosition":"AFTER"},"type":"CALC","var":"合計金額"},"6060190":{"id":"6060190","label":"LINE ID","properties":{"defaultValue":"","expression":"","hideExpression":"false","max":null,"min":null,"noLabel":"false","required":"false","unique":"false"},"type":"SINGLE_LINE_TEXT","var":"LINE_ID"}},"id":"1","label":"__ROOT__","properties":null,"var":"__ROOT__"}},"settingsNotesForm":{"content":null,"willBeInherited":null},"status":{"actions":[],"filters":[],"initialStateId":null,"states":[],"useStatus":"false"},"uuid":"00e704ed-1c7a-4c50-a114-beddfe44d673","views":[{"advancedMode":"false","builtinType":null,"device":null,"fields":[{"row":[{"columnWidth":null,"id":"6060148"},{"columnWidth":null,"id":"6060165"},{"columnWidth":null,"id":"6060180"},{"columnWidth":null,"id":"6060188"},{"columnWidth":null,"id":"6060168"},{"columnWidth":null,"id":"6060159"},{"columnWidth":null,"id":"6060189"}]}],"filter":{"category":null,"offset":null,"order":["DESC"],"q":null,"size":null,"sort":["f6060144"]},"html":null,"keyFieldId":null,"name":"一覧","pager":null,"revision":null,"titleFieldId":null,"view":"6060167","viewType":"LIST"},{"advancedMode":"false","builtinType":null,"device":"ANY","fields":[{"row":[]}],"filter":{"category":null,"offset":null,"order":["DESC"],"q":null,"size":null,"sort":["f6060144"]},"html":"\u003Cdiv id=\"app\"\u003E\u003C/div\u003E","keyFieldId":null,"name":"カスタマイズ","pager":"false","revision":null,"titleFieldId":null,"view":"6060171","viewType":"CUSTOM"},{"advancedMode":null,"builtinType":"ALL","device":null,"fields":[{"row":[{"columnWidth":null,"id":"6060144"},{"columnWidth":null,"id":"6060154"},{"columnWidth":null,"id":"6060158"},{"columnWidth":null,"id":"6060159"},{"columnWidth":null,"id":"6060165"},{"columnWidth":null,"id":"6060168"},{"columnWidth":null,"id":"6060180"},{"columnWidth":null,"id":"6060185"},{"columnWidth":null,"id":"6060188"},{"columnWidth":null,"id":"6060189"},{"columnWidth":null,"id":"6060190"}]}],"filter":{"category":null,"offset":null,"order":[],"q":null,"size":null,"sort":[]},"html":null,"keyFieldId":null,"name":"（すべて）","pager":null,"revision":null,"titleFieldId":null,"view":"20","viewType":"LIST"}]},{"acl":{"app":[],"field":[],"record":[]},"app":null,"category":{"categories":[],"useCategory":"false"},"form":{"layout":"[{\"id\":null,\"type\":\"ROW\",\"isSubTable\":false,\"var\":null,\"label\":null,\"controlList\":[{\"isVirtical\":true,\"styleMap\":{\"width\":196},\"type\":\"CREATED_AT\",\"var\":\"作成日時\",\"label\":\"作成日時\"}]},{\"id\":null,\"type\":\"ROW\",\"isSubTable\":false,\"var\":null,\"label\":null,\"controlList\":[{\"isVirtical\":true,\"styleMap\":{\"width\":364},\"type\":\"SINGLE_LINE_TEXT\",\"var\":\"LINE_ID\",\"label\":\"LINE ID\"}]},{\"id\":null,\"type\":\"ROW\",\"isSubTable\":false,\"var\":null,\"label\":null,\"controlList\":[{\"isVirtical\":true,\"styleMap\":{\"width\":364},\"type\":\"SINGLE_LINE_TEXT\",\"var\":\"LINEアカウント名\",\"label\":\"LINEアカウント名\"},{\"isVirtical\":true,\"styleMap\":{\"width\":255},\"type\":\"MULTIPLE_CHECK\",\"var\":\"ブロック中\",\"label\":\"ブロック中\",\"align\":\"horizontal\"}]}]","revision":null},"iconMeta":null,"info":{"automaticallyChooseTitleComponent":"true","code":null,"decimalPrecision":"16","decimalScale":"4","description":"\u003Cdiv\u003E\u003Cbr /\u003E\u003C/div\u003E","enableBulkDeletion":"false","enableRecordReuse":"true","fiscalYearStartMonth":"4","iconKey":"APP89","iconType":"PRESET","jsFiles":null,"jsScope":"ALL","name":"LINEアカウント管理","roundingMode":"HALF_EVEN","theme":"PLAIN","titleComponentLocalId":null,"useComment":"true","useHistory":"true","useThumbnail":"true"},"jsFiles":[],"notification":{"appNotifications":[{"events":["RECORD_COMMENT_ADDED"],"target":{"entityId":"5740796","entityType":"FIELD_ENTITY","includeSubs":"false"}},{"events":["RECORD_COMMENT_ADDED"],"target":{"entityId":"5740797","entityType":"FIELD_ENTITY","includeSubs":"false"}}],"recordNotifications":[],"reminderTimezone":null,"reminders":[],"useComment":"true","useReminder":"false"},"plugins":[],"reports":[],"resource":{"tables":[{"rows":[{"fields":[],"objectId":"0","subObjectId":"-1"}],"type":"AppName"},{"rows":[{"fields":[],"objectId":"0","subObjectId":"-1"}],"type":"AppDescription"},{"rows":[{"fields":[],"objectId":"5740795","subObjectId":"-1"},{"fields":[],"objectId":"5740796","subObjectId":"-1"},{"fields":[],"objectId":"5740797","subObjectId":"-1"},{"fields":[],"objectId":"5740798","subObjectId":"-1"},{"fields":[],"objectId":"5740799","subObjectId":"-1"},{"fields":[],"objectId":"5740800","subObjectId":"-1"},{"fields":[],"objectId":"5740801","subObjectId":"-1"},{"fields":[],"objectId":"5740802","subObjectId":"-1"},{"fields":[],"objectId":"5740803","subObjectId":"-1"},{"fields":[],"objectId":"5740808","subObjectId":"-1"},{"fields":[],"objectId":"5740808","subObjectId":"5740806"},{"fields":[],"objectId":"5740809","subObjectId":"-1"}],"type":"FieldLabel"},{"rows":[{"fields":[],"objectId":"5740811","subObjectId":"-1"},{"fields":[],"objectId":"20","subObjectId":"-1"}],"type":"ViewName"}]},"schema":{"groups":[],"revision":null,"subTable":{},"table":{"fieldList":{"5740795":{"id":"5740795","label":"レコード番号","properties":{"noLabel":"false","required":"true"},"type":"RECORD_ID","var":"レコード番号"},"5740796":{"id":"5740796","label":"更新者","properties":{"noLabel":"false","required":"true"},"type":"MODIFIER","var":"更新者"},"5740797":{"id":"5740797","label":"作成者","properties":{"noLabel":"false","required":"true"},"type":"CREATOR","var":"作成者"},"5740798":{"id":"5740798","label":"更新日時","properties":{"noLabel":"false","required":"true"},"type":"MODIFIED_AT","var":"更新日時"},"5740799":{"id":"5740799","label":"作成日時","properties":{"noLabel":"false","required":"true"},"type":"CREATED_AT","var":"作成日時"},"5740800":{"id":"5740800","label":"ステータス","properties":{"noLabel":"false","required":"false"},"type":"STATUS","var":"ステータス"},"5740801":{"id":"5740801","label":"作業者","properties":{"noLabel":"false","required":"false"},"type":"STATUS_ASSIGNEE","var":"作業者"},"5740802":{"id":"5740802","label":"カテゴリー","properties":{"noLabel":"false","required":"false"},"type":"CATEGORY","var":"カテゴリー"},"5740803":{"id":"5740803","label":"LINE ID","properties":{"defaultValue":"","expression":"","hideExpression":"false","max":"64","min":null,"noLabel":"false","required":"false","unique":"true"},"type":"SINGLE_LINE_TEXT","var":"LINE_ID"},"5740808":{"id":"5740808","label":"ブロック中","properties":{"defaultValue":[],"noLabel":"false","options":[{"id":"5740806","label":"ブロック中","valid":true}],"required":"false"},"type":"MULTIPLE_CHECK","var":"ブロック中"},"5740809":{"id":"5740809","label":"LINEアカウント名","properties":{"defaultValue":"","expression":"","hideExpression":"false","max":null,"min":null,"noLabel":"false","required":"false","unique":"false"},"type":"SINGLE_LINE_TEXT","var":"LINEアカウント名"}},"id":"1","label":"__ROOT__","properties":null,"var":"__ROOT__"}},"settingsNotesForm":{"content":null,"willBeInherited":null},"status":{"actions":[],"filters":[],"initialStateId":null,"states":[],"useStatus":"false"},"uuid":"f1d1be3d-f744-46c4-bfde-73f21f6c3499","views":[{"advancedMode":"false","builtinType":null,"device":null,"fields":[{"row":[{"columnWidth":null,"id":"5740799"},{"columnWidth":null,"id":"5740803"},{"columnWidth":null,"id":"5740809"},{"columnWidth":null,"id":"5740808"}]}],"filter":{"category":null,"offset":null,"order":["DESC"],"q":null,"size":null,"sort":["f5740795"]},"html":null,"keyFieldId":null,"name":"一覧1","pager":null,"revision":null,"titleFieldId":null,"view":"5740811","viewType":"LIST"},{"advancedMode":null,"builtinType":"ALL","device":null,"fields":[{"row":[{"columnWidth":null,"id":"5740795"},{"columnWidth":null,"id":"5740803"},{"columnWidth":null,"id":"5740808"},{"columnWidth":null,"id":"5740809"}]}],"filter":{"category":null,"offset":null,"order":[],"q":null,"size":null,"sort":[]},"html":null,"keyFieldId":null,"name":"（すべて）","pager":null,"revision":null,"titleFieldId":null,"view":"20","viewType":"LIST"}]},{"acl":{"app":[],"field":[],"record":[]},"app":null,"category":{"categories":[],"useCategory":"false"},"form":{"layout":"[{\"id\":null,\"type\":\"ROW\",\"isSubTable\":false,\"var\":null,\"label\":null,\"controlList\":[{\"isVirtical\":true,\"styleMap\":{\"width\":193},\"type\":\"SINGLE_LINE_TEXT\",\"var\":\"商品コード\",\"label\":\"商品コード\"}]},{\"id\":null,\"type\":\"ROW\",\"isSubTable\":false,\"var\":null,\"label\":null,\"controlList\":[{\"isVirtical\":true,\"styleMap\":{\"width\":436},\"type\":\"SINGLE_LINE_TEXT\",\"var\":\"商品名\",\"label\":\"商品名\"}]},{\"id\":null,\"type\":\"ROW\",\"isSubTable\":false,\"var\":null,\"label\":null,\"controlList\":[{\"isVirtical\":true,\"styleMap\":{\"width\":436,\"height\":162,\"innerHeight\":125},\"type\":\"MULTIPLE_LINE_TEXT\",\"var\":\"商品説明\",\"label\":\"商品説明\"}]},{\"id\":null,\"type\":\"ROW\",\"isSubTable\":false,\"var\":null,\"label\":null,\"controlList\":[{\"isVirtical\":true,\"styleMap\":{\"width\":193},\"type\":\"DECIMAL\",\"var\":\"通常価格\",\"label\":\"通常価格\"},{\"isVirtical\":true,\"styleMap\":{\"width\":193},\"type\":\"DECIMAL\",\"var\":\"値引き額\",\"label\":\"値引き額\"},{\"isVirtical\":true,\"styleMap\":{\"width\":193},\"type\":\"CALC\",\"var\":\"販売価格\",\"label\":\"販売価格\"}]},{\"id\":null,\"type\":\"ROW\",\"isSubTable\":false,\"var\":null,\"label\":null,\"controlList\":[{\"isVirtical\":true,\"styleMap\":{\"width\":436},\"type\":\"FILE\",\"var\":\"商品画像\",\"label\":\"商品画像\"}]}]","revision":null},"iconMeta":null,"info":{"automaticallyChooseTitleComponent":"true","code":null,"decimalPrecision":"16","decimalScale":"4","description":"\u003Cdiv\u003E\u003Cbr /\u003E\u003C/div\u003E","enableBulkDeletion":"false","enableRecordReuse":"true","fiscalYearStartMonth":"4","iconKey":"APP59","iconType":"PRESET","jsFiles":null,"jsScope":"ALL","name":"商品マスタ","roundingMode":"HALF_EVEN","theme":"PLAIN","titleComponentLocalId":null,"useComment":"true","useHistory":"true","useThumbnail":"true"},"jsFiles":[],"notification":{"appNotifications":[{"events":["RECORD_COMMENT_ADDED"],"target":{"entityId":"6060125","entityType":"FIELD_ENTITY","includeSubs":"false"}},{"events":["RECORD_COMMENT_ADDED"],"target":{"entityId":"6060126","entityType":"FIELD_ENTITY","includeSubs":"false"}}],"recordNotifications":[],"reminderTimezone":null,"reminders":[],"useComment":"true","useReminder":"false"},"plugins":[{"enabled":"true","id":"noaekdhemoaagialmfhefckdebaddbpe"}],"reports":[],"resource":{"tables":[{"rows":[{"fields":[],"objectId":"0","subObjectId":"-1"}],"type":"AppName"},{"rows":[{"fields":[],"objectId":"0","subObjectId":"-1"}],"type":"AppDescription"},{"rows":[{"fields":[],"objectId":"6060124","subObjectId":"-1"},{"fields":[],"objectId":"6060125","subObjectId":"-1"},{"fields":[],"objectId":"6060126","subObjectId":"-1"},{"fields":[],"objectId":"6060127","subObjectId":"-1"},{"fields":[],"objectId":"6060128","subObjectId":"-1"},{"fields":[],"objectId":"6060129","subObjectId":"-1"},{"fields":[],"objectId":"6060130","subObjectId":"-1"},{"fields":[],"objectId":"6060131","subObjectId":"-1"},{"fields":[],"objectId":"6060137","subObjectId":"-1"},{"fields":[],"objectId":"6060138","subObjectId":"-1"},{"fields":[],"objectId":"6060139","subObjectId":"-1"},{"fields":[],"objectId":"6060140","subObjectId":"-1"},{"fields":[],"objectId":"6060141","subObjectId":"-1"},{"fields":[],"objectId":"6060183","subObjectId":"-1"},{"fields":[],"objectId":"6060184","subObjectId":"-1"}],"type":"FieldLabel"},{"rows":[{"fields":[],"objectId":"20","subObjectId":"-1"}],"type":"ViewName"}]},"schema":{"groups":[],"revision":null,"subTable":{},"table":{"fieldList":{"6060124":{"id":"6060124","label":"レコード番号","properties":{"noLabel":"false","required":"true"},"type":"RECORD_ID","var":"レコード番号"},"6060125":{"id":"6060125","label":"更新者","properties":{"noLabel":"false","required":"true"},"type":"MODIFIER","var":"更新者"},"6060126":{"id":"6060126","label":"作成者","properties":{"noLabel":"false","required":"true"},"type":"CREATOR","var":"作成者"},"6060127":{"id":"6060127","label":"更新日時","properties":{"noLabel":"false","required":"true"},"type":"MODIFIED_AT","var":"更新日時"},"6060128":{"id":"6060128","label":"作成日時","properties":{"noLabel":"false","required":"true"},"type":"CREATED_AT","var":"作成日時"},"6060129":{"id":"6060129","label":"ステータス","properties":{"noLabel":"false","required":"false"},"type":"STATUS","var":"ステータス"},"6060130":{"id":"6060130","label":"作業者","properties":{"noLabel":"false","required":"false"},"type":"STATUS_ASSIGNEE","var":"作業者"},"6060131":{"id":"6060131","label":"カテゴリー","properties":{"noLabel":"false","required":"false"},"type":"CATEGORY","var":"カテゴリー"},"6060137":{"id":"6060137","label":"商品コード","properties":{"defaultValue":"","expression":"","hideExpression":"false","max":"64","min":null,"noLabel":"false","required":"true","unique":"true"},"type":"SINGLE_LINE_TEXT","var":"商品コード"},"6060138":{"id":"6060138","label":"商品名","properties":{"defaultValue":"","expression":"","hideExpression":"false","max":"64","min":null,"noLabel":"false","required":"true","unique":"true"},"type":"SINGLE_LINE_TEXT","var":"商品名"},"6060139":{"id":"6060139","label":"商品説明","properties":{"defaultValue":"","noLabel":"false","required":"false"},"type":"MULTIPLE_LINE_TEXT","var":"商品説明"},"6060140":{"id":"6060140","label":"通常価格","properties":{"defaultValue":null,"digit":"false","displayScale":null,"max":null,"min":null,"noLabel":"false","required":"false","roundingMode":null,"scale":null,"unique":"false","unit":"円","unitPosition":"AFTER"},"type":"DECIMAL","var":"通常価格"},"6060141":{"id":"6060141","label":"商品画像","properties":{"noLabel":"false","required":"false","thumbnailSize":"150"},"type":"FILE","var":"商品画像"},"6060183":{"id":"6060183","label":"値引き額","properties":{"defaultValue":null,"digit":"false","displayScale":null,"max":null,"min":null,"noLabel":"false","required":"false","roundingMode":null,"scale":null,"unique":"false","unit":"円","unitPosition":"AFTER"},"type":"DECIMAL","var":"値引き額"},"6060184":{"id":"6060184","label":"販売価格","properties":{"displayScale":null,"expression":"通常価格 - 値引き額","format":"NUMBER_DIGIT","hideExpression":"false","noLabel":"false","required":"false","roundingMode":null,"scale":null,"unit":"円","unitPosition":"AFTER"},"type":"CALC","var":"販売価格"}},"id":"1","label":"__ROOT__","properties":null,"var":"__ROOT__"}},"settingsNotesForm":{"content":null,"willBeInherited":null},"status":{"actions":[],"filters":[],"initialStateId":null,"states":[],"useStatus":"false"},"uuid":"40ca6e5e-bb0d-4f5e-ba04-25b1443e4c8b","views":[{"advancedMode":null,"builtinType":"ALL","device":null,"fields":[{"row":[{"columnWidth":null,"id":"6060124"},{"columnWidth":null,"id":"6060137"},{"columnWidth":null,"id":"6060138"},{"columnWidth":null,"id":"6060139"},{"columnWidth":null,"id":"6060140"},{"columnWidth":null,"id":"6060141"},{"columnWidth":null,"id":"6060183"},{"columnWidth":null,"id":"6060184"}]}],"filter":{"category":null,"offset":null,"order":[],"q":null,"size":null,"sort":[]},"html":null,"keyFieldId":null,"name":"（すべて）","pager":null,"revision":null,"titleFieldId":null,"view":"20","viewType":"LIST"}]}],"description":"","iconKey":"APP73","iconMeta":null,"iconSrcAppId":"00e704ed-1c7a-4c50-a114-beddfe44d673","iconType":"PRESET","imagesMeta":[],"lookups":[{"actingAppId":"00e704ed-1c7a-4c50-a114-beddfe44d673","fieldMappings":[{"fieldId":"6060159","targetFieldId":"5740809"},{"fieldId":"6060190","targetFieldId":"5740803"}],"keyMapping":{"fieldId":"6060158","targetFieldId":"5740803"},"listFields":["5740803","5740809"],"query":{"category":null,"offset":null,"order":["desc"],"q":"order by f5740795 desc","size":null,"sort":["f5740795"]},"targetAppId":"f1d1be3d-f744-46c4-bfde-73f21f6c3499"},{"actingAppId":"00e704ed-1c7a-4c50-a114-beddfe44d673","fieldMappings":[{"fieldId":"6060154","targetFieldId":"6060184"},{"fieldId":"6060188","targetFieldId":"6060138"}],"keyMapping":{"fieldId":"6060185","targetFieldId":"6060138"},"listFields":["6060141","6060137","6060138","6060140"],"query":{"category":null,"offset":null,"order":["desc"],"q":"order by f6060124 desc","size":null,"sort":["f6060124"]},"targetAppId":"40ca6e5e-bb0d-4f5e-ba04-25b1443e4c8b"}],"name":"LINE-kintoneテーブルオーダー","references":[],"version":"39"}